{
  "schemaVersion": 1,
  "id": "happyclient",
  "version": "${version}",
  "name": "Happy",
  "description": "This is an example description! Tell everyone what your mod is about!",
  "authors": [
    "Me!"
  ],
  "contact": {
    "homepage": "https://fabricmc.net/",
    "sources": "https://github.com/FabricMC/fabric-example-mod"
  },
  "license": "CC0-1.0",
  "icon": "assets/happyclient/icon.png",
  "environment": "*",
  "entrypoints": {
    "client": [
      "com.example.happyclient.HappyClient"
    ]
  },
  "mixins": [
    "happyclient.mixins.json",
    "happyclient.client.mixins.json"
  ],
  "accessWidener": "happyclient.accesswidener",
  "depends": {
    "fabricloader": ">=0.16.14",
    "minecraft": "~1.19.2",
    "java": ">=17",
    "fabric-api": "*"
  },
  "suggests": {
    "another-mod": "*"
  }
}